name,amount,numerator,denominator,rounding,fee_bps,minimum_output,fee,converted,output,remainder,error
identity-one,1,1,1,floor,0,1,0,1,1,0,
half-floor-odd,7,1,2,floor,0,1,0,7,3,1,
half-ceiling-odd,7,1,2,ceiling,0,1,0,7,4,1,
half-ceiling-exact,8,1,2,ceiling,0,1,0,8,4,0,
three-sevenths-floor,1000,3,7,floor,0,1,0,1000,428,4,
three-sevenths-ceiling,1000,3,7,ceiling,0,1,0,1000,429,4,
fee-250bps-identity,1000,1,1,floor,250,1,25,975,975,0,
fee-full-10000bps,1000,1,1,floor,10000,1,,,,,ZeroOutput
fee-1bps-below-step,9999,1,1,floor,1,1,0,9999,9999,0,
fee-1bps-at-step,10000,1,1,floor,1,1,1,9999,9999,0,
fee-ceiling-mixed,1001,3,7,ceiling,250,1,25,976,419,2,
minimum-output-below,9,1,2,floor,0,5,,,,,OutputBelowMinimum
minimum-output-at,10,1,2,floor,0,5,0,10,5,0,
zero-amount,0,1,1,floor,0,1,,,,,ZeroAmount
dust-floor-zero-output,999,1,1000,floor,0,1,,,,,ZeroOutput
dust-ceiling-rounds-up,999,1,1000,ceiling,0,1,0,999,1,999,
dust-floor-at-step,1000,1,1000,floor,0,1,0,1000,1,0,
u64-max-identity,18446744073709551615,1,1,floor,0,1,0,18446744073709551615,18446744073709551615,0,
u64-max-doubling-overflow,18446744073709551615,2,1,floor,0,1,,,,,ArithmeticOverflow
u64-max-ratio-max,18446744073709551615,18446744073709551615,18446744073709551615,ceiling,0,1,0,18446744073709551615,18446744073709551615,0,
wide-ratio-fits,18446744073709,1000000,1,floor,0,1,0,18446744073709,18446744073709000000,0,
wide-ratio-overflows,18446744073710,1000000,1,floor,0,1,,,,,ArithmeticOverflow
u64-max-fee-max-bps,18446744073709551615,1,1,floor,10000,1,,,,,ZeroOutput
large-denominator-ceiling,5,1,18446744073709551615,ceiling,0,1,0,5,1,5,
large-denominator-floor,5,1,18446744073709551615,floor,0,1,,,,,ZeroOutput
decimal-scale-9-to-6,1000000000,1,500,floor,0,1,0,1000000000,2000000,0,
fee-max-bps-minus-one,10000,1,1,floor,9999,1,9999,1,1,0,
